date,day,hours,shift_name,verified_skills
2026-09-24,Thu,1.0,Hearty Helpings,
2026-09-24,Thu,2.75,Wellness Amabassador Pantry Shift!,
2026-09-24,Thu,2.25,Hearty Helpings,
2026-09-22,Tue,1.0,Hearty Helpings,
2026-09-22,Tue,1.0,Hearty Helpings,
2026-09-21,Mon,2.0,Pulse Pantry Restock,
2026-09-17,Thu,3.0,Pack Down + Facilitating,
2026-09-17,Thu,1.0,Wellness Ambassador,
2026-09-17,Thu,1.0,Hearty Helpings,
2026-09-17,Thu,1.0,Hearty Helpings,
2026-09-16,Wed,1.0,Hearty Helpings,
2026-09-16,Wed,1.0,Hearty Helpings,
2026-09-15,Tue,5.0,Hearty Helpings,
2026-09-15,Tue,2.5,Pulse Pantry,
2026-09-15,Tue,1.0,Hearty Helpings,
2026-09-14,Mon,1.0,Pulse Pantry Restock,
2026-09-11,Fri,3.5,Pulse Pantry,
2026-09-10,Thu,3.25,Pulse Pantry,
2026-09-10,Thu,5.75,Hearty Helpings,
2026-09-10,Thu,1.0,Hearty Helpings,
2026-09-10,Thu,1.75,Festive Food Crew,
2026-09-09,Wed,1.5,Hearty Helpings,
2026-09-09,Wed,2.0,Pulse Pantry Restock,
2026-09-09,Wed,1.0,Hearty Helpings,
2026-09-08,Tue,1.0,Hearty Helpings,
